Date,Actual,Prediction
2024-11-25,25401.107421875,25433.57
2024-11-26,25440.984375,25436.16
2024-11-27,25759.9921875,25454.582
2024-11-28,25520.736328125,25505.652
2024-11-29,25720.1171875,25555.428
2024-12-02,26517.638671875,25616.727
2024-12-03,27075.90625,25740.145
2024-12-04,26677.14453125,25934.365
2024-12-05,26876.525390625,26129.438
2024-12-06,27315.1640625,26328.088
2024-12-09,27235.41015625,26547.53
2024-12-10,27155.658203125,26757.691
2024-12-11,26796.7734375,26941.654
2024-12-12,26398.01171875,27069.186
2024-12-13,26437.888671875,27122.652
2024-12-16,26437.888671875,27128.932
2024-12-17,26517.638671875,27103.988
2024-12-18,26876.525390625,27066.498
2024-12-19,26637.26953125,27050.092
2024-12-20,26637.26953125,27029.002
2024-12-23,26717.021484375,27007.15
2024-12-24,26756.896484375,26992.14
2024-12-25,27315.1640625,26985.09
2024-12-26,27036.029296875,27025.357
2024-12-27,28876.712890625,27070.18
2024-12-30,29389.041015625,27254.469
2024-12-31,29109.58984375,27547.906
2025-01-02,29109.58984375,27868.709
2025-01-03,28317.80859375,28186.031
2025-01-06,28224.658203125,28418.781
2025-01-07,28597.26171875,28576.605
2025-01-08,28783.5625,28703.46
2025-01-09,28504.109375,28813.963
2025-01-10,28131.5078125,28884.162
2025-01-13,28597.26171875,28896.219
2025-01-14,28736.986328125,28906.668
2025-01-15,28876.712890625,28923.805
2025-01-16,29295.890625,28953.96
2025-01-17,29715.068359375,29021.531
2025-01-20,29482.193359375,29138.51
2025-01-21,29668.494140625,29259.576
2025-01-22,31112.330078125,29389.842
2025-01-23,32882.19140625,29626.07
2025-01-24,33394.51953125,30043.32
2025-02-03,32695.890625,30580.217
2025-02-04,32695.890625,31100.879
2025-02-05,33441.09765625,31577.488
2025-02-06,34000.0,32049.35
2025-02-07,34000.0,32524.357
2025-02-10,34046.578125,32964.977
2025-02-11,34465.75390625,33355.695
2025-02-12,34791.78125,33718.652
2025-02-13,35117.80859375,34060.906
2025-02-14,34931.5078125,34388.902
2025-02-17,34698.6328125,34667.723
2025-02-18,34093.15234375,34877.36
2025-02-19,34186.30078125,34980.914
2025-02-20,33813.69921875,35018.844
2025-02-21,33906.8515625,34981.582
2025-02-24,34279.453125,34907.34
2025-02-25,34326.02734375,34842.523
2025-02-26,34372.60546875,34789.363
2025-02-27,34232.87890625,34750.285
2025-02-28,33673.97265625,34711.324
2025-03-03,33441.09765625,34631.824
2025-03-04,33068.4921875,34516.3
2025-03-05,33347.9453125,34357.582
2025-03-06,33115.0703125,34205.73
2025-03-07,32975.34375,34049.1
2025-03-10,32416.439453125,33890.652
2025-03-11,32276.712890625,33699.375
2025-03-12,32882.19140625,33492.46
2025-03-13,32882.19140625,33337.66
2025-03-14,32556.166015625,33224.105
2025-03-17,32323.2890625,33119.895
2025-03-18,32975.34375,33012.734
2025-03-19,33487.671875,32962.96
2025-03-20,33115.0703125,32990.094
2025-03-21,32416.439453125,33033.56
2025-03-24,31810.958984375,33032.42
2025-03-25,31671.234375,32959.44
2025-03-26,31158.904296875,32837.75
2025-03-27,30739.7265625,32654.502
2025-03-28,31158.904296875,32414.953
2025-03-31,30972.603515625,32190.623
2025-04-01,31112.330078125,31975.572
2025-04-02,30832.876953125,31793.498
2025-04-03,28690.412109375,31623.432
2025-04-04,30693.15234375,31309.896
2025-04-08,29063.013671875,31090.053
2025-04-09,29342.466796875,30811.504
2025-04-10,31391.78125,30544.031
2025-04-11,31857.53515625,30457.94
2025-04-14,31531.5078125,30521.523
2025-04-15,30879.453125,30650.676
2025-04-16,30413.69921875,30764.893
2025-04-17,31298.630859375,30828.922
2025-04-18,31578.08203125,30926.291
2025-04-21,30786.302734375,31055.945
2025-04-22,30972.603515625,31135.559
2025-04-23,31019.1796875,31195.643
2025-04-24,30739.7265625,31241.812
2025-04-25,30087.671875,31254.281
2025-04-28,30553.42578125,31195.55
2025-04-29,30320.548828125,31134.004
2025-05-05,29947.9453125,31054.938
2025-05-06,29575.34375,30942.752
2025-05-07,29994.521484375,30790.29
2025-05-08,30786.302734375,30656.37
2025-05-09,32136.986328125,30602.463
2025-05-12,32416.439453125,30703.924
2025-05-13,32369.86328125,30914.043
2025-05-14,33254.796875,31174.918
2025-05-15,34512.328125,31518.695
2025-05-16,34000.0,31984.807
2025-05-19,32700.0,32451.58
2025-05-20,32950.0,32787.652
2025-05-21,32550.0,33041.49
2025-05-22,31900.0,33191.95
2025-05-23,31950.0,33216.754
2025-05-26,32500.0,33166.023
2025-05-27,32200.0,33112.457
2025-05-28,31950.0,33034.652
2025-05-29,32000.0,32928.742
2025-05-30,31800.0,32817.098
2025-06-02,32000.0,32693.578
2025-06-03,32000.0,32587.295
2025-06-04,31750.0,32498.283
2025-06-05,31800.0,32407.098
2025-06-06,31200.0,32325.812
2025-06-09,31250.0,32209.834
2025-06-10,31450.0,32086.352
2025-06-11,31450.0,31981.729
2025-06-12,31650.0,31895.568
2025-06-13,31600.0,31842.768
2025-06-16,31650.0,31810.371
2025-06-17,32350.0,31797.537
2025-06-18,31950.0,31851.975
2025-06-19,32400.0,31911.814
2025-06-20,31900.0,32007.723
2025-06-23,31600.0,32079.43
2025-06-24,31800.0,32109.883
2025-06-25,31800.0,32128.566
2025-06-26,31800.0,32137.434
2025-06-27,31950.0,32139.455
2025-06-30,32250.0,32148.598
2025-07-01,32150.0,32184.178
2025-07-02,32350.0,32225.17
2025-07-03,32500.0,32282.77
2025-07-04,32750.0,32357.62
2025-07-07,33500.0,32456.932
2025-07-08,33700.0,32621.809
2025-07-09,33150.0,32829.12
2025-07-10,33300.0,33005.566
2025-07-11,33000.0,33164.043
2025-07-14,32850.0,33275.61
2025-07-15,33500.0,33338.895
2025-07-16,33800.0,33417.758
2025-07-17,33650.0,33520.945
2025-07-18,34600.0,33619.27
2025-07-21,35500.0,33782.074
2025-07-22,35900.0,34039.902
2025-07-23,35250.0,34367.1
2025-07-24,35500.0,34662.81
2025-07-25,35250.0,34940.086
2025-07-28,36550.0,35164.62
2025-07-29,34300.0,35442.19
2025-07-30,34200.0,35550.375
2025-07-31,34200.0,35546.57
2025-08-01,34500.0,35471.29
2025-08-04,34700.0,35378.598
2025-08-05,35300.0,35294.99
2025-08-06,36100.0,35268.69
2025-08-07,35800.0,35340.082
2025-08-08,35400.0,35441.004
2025-08-11,35800.0,35523.836
2025-08-12,38050.0,35622.418
2025-08-13,39200.0,35897.99
2025-08-14,40200.0,36345.355
2025-08-15,39000.0,36943.574
2025-08-18,40100.0,37495.37
2025-08-19,42800.0,38071.656
2025-08-20,45750.0,38829.426
2025-08-21,48400.0,39867.07
2025-08-22,47000.0,41202.223
2025-08-25,45000.0,42501.285
2025-08-26,45500.0,43529.883
2025-08-27,43800.0,44363.63
2025-08-28,44850.0,44870.434
2025-08-29,45000.0,45228.0
2025-09-03,44700.0,45467.707
2025-09-04,45650.0,45588.332
2025-09-05,44450.0,45702.004
2025-09-08,42800.0,45697.44
2025-09-09,42300.0,45492.547
2025-09-10,41950.0,45146.184
2025-09-11,44000.0,44709.344
2025-09-12,44100.0,44412.91
2025-09-15,44550.0,44218.863
2025-09-16,44900.0,44138.504
2025-09-17,45300.0,44160.348
2025-09-18,45400.0,44274.547
2025-09-19,46500.0,44443.79
2025-09-22,46500.0,44723.11
2025-09-23,46550.0,45043.66
2025-09-24,47450.0,45370.805
2025-09-25,47950.0,45750.242
2025-09-26,48050.0,46168.52
2025-09-29,47800.0,46584.87
2025-09-30,49500.0,46948.2
2025-10-01,51000.0,47390.35
2025-10-02,51600.0,47957.727
2025-10-03,52500.0,48598.91
2025-10-06,51800.0,49306.97
2025-10-07,52600.0,49940.01
2025-10-08,52000.0,50548.523
2025-10-09,51200.0,51040.027
2025-10-10,51600.0,51360.152
2025-10-13,52500.0,51586.87
2025-10-14,51500.0,51806.668
2025-10-15,51600.0,51915.496
2025-10-16,51300.0,51962.008
2025-10-17,49500.0,51939.465
2025-10-20,47500.0,51730.062
2025-10-21,49000.0,51270.38
2025-10-22,49900.0,50825.438
2025-10-23,51300.0,50481.77
2025-10-24,52200.0,50332.406
2025-10-27,51900.0,50377.2
2025-10-28,52800.0,50508.797
2025-10-29,53900.0,50760.74
2025-10-30,52000.0,51151.46
2025-10-31,50700.0,51436.688
2025-11-03,50700.0,51544.71
2025-11-04,51700.0,51544.395
2025-11-05,51500.0,51557.176
2025-11-06,51500.0,51552.24
2025-11-07,49300.0,51538.05
2025-11-10,48300.0,51340.01
2025-11-11,47500.0,50978.363
2025-11-12,48650.0,50483.805
2025-11-13,48900.0,50041.844
2025-11-14,49900.0,49675.836
2025-11-17,50200.0,49463.523
2025-11-18,49550.0,49379.87
2025-11-19,49500.0,49328.617
2025-11-20,49300.0,49303.164
2025-11-21,48550.0,49280.387
2025-11-24,48550.0,49202.16
2025-11-25,49000.0,49101.234
