Date,Close,Type
2020-12-22,11034.0341796875,History
2020-12-23,10784.5693359375,History
2020-12-24,10477.5361328125,History
2020-12-25,10727.0,History
2020-12-28,10669.431640625,History
2020-12-29,10631.052734375,History
2020-12-30,10669.431640625,History
2020-12-31,10784.5693359375,History
2021-01-04,10995.6552734375,History
2021-01-05,11264.3095703125,History
2021-01-06,11475.3955078125,History
2021-01-07,11475.3955078125,History
2021-01-08,11590.533203125,History
2021-01-11,11648.103515625,History
2021-01-12,11552.154296875,History
2021-01-13,11456.2060546875,History
2021-01-14,11456.2060546875,History
2021-01-15,11609.7236328125,History
2021-01-18,11494.5859375,History
2021-01-19,10707.8095703125,History
2021-01-20,10861.3271484375,History
2021-01-21,11110.7939453125,History
2021-01-22,10995.6552734375,History
2021-01-25,10784.5693359375,History
2021-01-26,10669.431640625,History
2021-01-27,10554.2939453125,History
2021-01-28,9825.0888671875,History
2021-01-29,10285.638671875,History
2021-02-01,10228.0703125,History
2021-02-02,10496.724609375,History
2021-02-03,10784.5693359375,History
2021-02-04,10822.9482421875,History
2021-02-05,10938.0859375,History
2021-02-08,10554.2939453125,History
2021-02-09,10957.2763671875,History
2021-02-17,11283.4990234375,History
2021-02-18,11187.5517578125,History
2021-02-19,11935.947265625,History
2021-02-22,12127.8427734375,History
2021-02-23,12166.22265625,History
2021-02-24,11974.326171875,History
2021-02-25,12434.876953125,History
2021-02-26,12684.341796875,History
2021-03-01,12761.1005859375,History
2021-03-02,12665.1533203125,History
2021-03-03,12761.1005859375,History
2021-03-04,12434.876953125,History
2021-03-05,12454.06640625,History
2021-03-08,12204.6015625,History
2021-03-09,12300.548828125,History
2021-03-10,12569.2041015625,History
2021-03-11,12665.1533203125,History
2021-03-12,12645.962890625,History
2021-03-15,12857.048828125,History
2021-03-16,12837.8583984375,History
2021-03-17,12857.048828125,History
2021-03-18,13029.755859375,History
2021-03-19,12972.1865234375,History
2021-03-22,12818.669921875,History
2021-03-23,12665.1533203125,History
2021-03-24,12454.06640625,History
2021-03-25,12300.548828125,History
2021-03-26,12454.06640625,History
2021-03-29,12665.1533203125,History
2021-03-30,12780.291015625,History
2021-03-31,12780.291015625,History
2021-04-01,12991.3759765625,History
2021-04-02,13298.41015625,History
2021-04-05,13336.7900390625,History
2021-04-06,13336.7900390625,History
2021-04-07,13202.4619140625,History
2021-04-08,13202.4619140625,History
2021-04-09,13202.4619140625,History
2021-04-12,13490.306640625,History
2021-04-13,13279.2197265625,History
2021-04-14,13279.2197265625,History
2021-04-15,12991.3759765625,History
2021-04-16,12703.5322265625,History
2021-04-19,12933.80859375,History
2021-04-20,12895.4287109375,History
2021-04-22,12473.2568359375,History
2021-04-23,12818.669921875,History
2021-04-26,12780.291015625,History
2021-04-27,13048.9443359375,History
2021-04-28,12972.1865234375,History
2021-04-29,13298.41015625,History
2021-05-04,13221.65234375,History
2021-05-05,13547.875,History
2021-05-06,13355.9794921875,History
2021-05-07,13509.49609375,History
2021-05-10,13893.2890625,History
2021-05-11,13739.771484375,History
2021-05-12,13874.099609375,History
2021-05-13,13893.2890625,History
2021-05-14,13989.2373046875,History
2021-05-17,14027.6162109375,History
2021-05-18,13912.478515625,History
2021-05-19,14046.8056640625,History
2021-05-20,14353.83984375,History
2021-05-21,14392.21875,History
2021-05-24,14392.21875,History
2021-05-25,14584.115234375,History
2021-05-26,14756.8212890625,History
2021-05-27,14660.873046875,History
2021-05-28,14929.529296875,History
2021-05-31,15889.009765625,History
2021-06-01,16157.6640625,History
2021-06-02,17117.146484375,History
2021-06-03,17616.076171875,History
2021-06-04,17385.80078125,History
2021-06-07,16503.078125,History
2021-06-08,15428.458984375,History
2021-06-09,16291.9912109375,History
2021-06-10,16359.1552734375,History
2021-06-11,16623.013671875,History
2021-06-14,16359.1552734375,History
2021-06-15,16958.83203125,History
2021-06-16,16647.0,History
2021-06-17,16742.947265625,History
2021-06-18,16790.923828125,History
2021-06-21,16670.986328125,History
2021-06-22,17102.75390625,History
2021-06-23,17174.71484375,History
2021-06-24,17366.611328125,History
2021-06-25,17438.572265625,History
2021-06-28,17606.48046875,History
2021-06-29,17486.546875,History
2021-06-30,17126.740234375,History
2021-07-01,17246.67578125,History
2021-07-02,17318.634765625,History
2021-07-05,18206.15625,History
2021-07-06,17270.662109375,History
2021-07-07,17534.521484375,History
2021-07-08,17366.611328125,History
2021-07-09,16886.869140625,History
2021-07-12,15711.5068359375,History
2021-07-13,15783.4677734375,History
2021-07-14,15231.7646484375,History
2021-07-15,15711.5068359375,History
2021-07-16,16119.28515625,History
2021-07-19,15423.662109375,History
2021-07-20,16263.20703125,History
2021-07-21,16215.232421875,History
2021-07-22,16359.1552734375,History
2021-07-23,15831.439453125,History
2021-07-26,15687.51953125,History
2021-07-27,15903.4013671875,History
2021-07-28,15903.4013671875,History
2021-07-29,16383.142578125,History
2021-07-30,17342.625,History
2021-08-02,17054.78125,History
2021-08-03,17174.71484375,History
2021-08-04,17030.791015625,History
2021-08-05,17270.662109375,History
2021-08-06,17054.78125,History
2021-08-09,17510.53515625,History
2021-08-10,17510.53515625,History
2021-08-11,17270.662109375,History
2021-08-12,16934.84375,History
2021-08-13,16958.83203125,History
2021-08-16,17126.740234375,History
2021-08-17,17078.767578125,History
2021-08-18,17054.78125,History
2021-08-19,16934.84375,History
2021-08-20,16119.28515625,History
2021-08-23,15351.701171875,History
2021-08-24,15495.6220703125,History
2021-08-25,15567.583984375,History
2021-08-26,15327.712890625,History
2021-08-27,15231.7646484375,History
2021-08-30,15423.662109375,History
2021-08-31,15351.701171875,History
2021-09-01,15351.701171875,History
2021-09-06,15375.6875,History
2021-09-07,15591.5703125,History
2021-09-08,15423.662109375,History
2021-09-09,15567.583984375,History
2021-09-10,15495.6220703125,History
2021-09-13,15303.7265625,History
2021-09-14,15111.8291015625,History
2021-09-15,14967.9072265625,History
2021-09-16,15015.8818359375,History
2021-09-17,15159.8037109375,History
2021-09-20,15399.6748046875,History
2021-09-21,15255.751953125,History
2021-09-22,15159.8037109375,History
2021-09-23,15159.8037109375,History
2021-09-24,15351.701171875,History
2021-09-27,15111.8291015625,History
2021-09-28,15159.8037109375,History
2021-09-29,15039.869140625,History
2021-09-30,15135.81640625,History
2021-10-01,15111.8291015625,History
2021-10-04,14871.958984375,History
2021-10-05,15111.8291015625,History
2021-10-06,15039.869140625,History
2021-10-07,14967.9072265625,History
2021-10-08,15087.84375,History
2021-10-11,15639.544921875,History
2021-10-12,15639.544921875,History
2021-10-13,15639.544921875,History
2021-10-14,15495.6220703125,History
2021-10-15,15447.6474609375,History
2021-10-18,15351.701171875,History
2021-10-19,15495.6220703125,History
2021-10-20,15495.6220703125,History
2021-10-21,15231.7646484375,History
2021-10-22,15159.8037109375,History
2021-10-25,14991.8955078125,History
2021-10-26,14919.93359375,History
2021-10-27,15063.8564453125,History
2021-10-28,15279.7392578125,History
2021-10-29,15831.439453125,History
2021-11-01,15687.51953125,History
2021-11-02,15903.4013671875,History
2021-11-03,16239.220703125,History
2021-11-04,16071.3115234375,History
2021-11-05,16071.3115234375,History
2021-11-08,16023.3369140625,History
2021-11-09,16047.3251953125,History
2021-11-10,16023.3369140625,History
2021-11-11,15831.439453125,History
2021-11-12,15999.3505859375,History
2021-11-15,16023.3369140625,History
2021-11-16,15903.4013671875,History
2021-11-17,15975.36328125,History
2021-11-18,15591.5703125,History
2021-11-19,16047.3251953125,History
2021-11-22,16383.142578125,History
2021-11-23,16287.1943359375,History
2021-11-24,16958.83203125,History
2021-11-25,16862.8828125,History
2021-11-26,16599.025390625,History
2021-11-29,16383.142578125,History
2021-11-30,15975.36328125,History
2021-12-01,16071.3115234375,History
2021-12-02,15927.388671875,History
2021-12-03,15615.5576171875,History
2021-12-06,15495.6220703125,History
2021-12-07,15807.453125,History
2021-12-08,15879.4150390625,History
2021-12-09,15975.36328125,History
2021-12-10,16023.3369140625,History
2021-12-13,16023.3369140625,History
2021-12-14,15975.36328125,History
2021-12-15,16023.3369140625,History
2021-12-16,15831.439453125,History
2021-12-17,15927.388671875,History
2021-12-20,15879.4150390625,History
2021-12-21,15735.4931640625,History
2021-12-22,15687.51953125,History
2021-12-23,15591.5703125,History
2021-12-24,15831.439453125,History
2021-12-27,15903.4013671875,History
2021-12-28,16143.2734375,History
2021-12-29,16215.232421875,History
2021-12-30,16263.20703125,History
2021-12-31,16551.05078125,History
2022-01-04,16503.078125,History
2022-01-05,16167.2587890625,History
2022-01-06,16191.2451171875,History
2022-01-07,15975.36328125,History
2022-01-10,15831.439453125,History
2022-01-11,15711.5068359375,History
2022-01-12,15879.4150390625,History
2022-01-13,15999.3505859375,History
2022-01-14,15855.4267578125,History
2022-01-17,15711.5068359375,History
2022-01-18,15735.4931640625,History
2022-01-19,15831.439453125,History
2022-01-20,15807.453125,History
2022-01-21,16047.3251953125,History
2022-01-24,16479.091796875,History
2022-01-25,16718.9609375,History
2022-01-26,17006.8046875,History
2022-01-27,16742.947265625,History
2022-01-28,16575.037109375,History
2022-02-07,16647.0,History
2022-02-08,17150.728515625,History
2022-02-09,17078.767578125,History
2022-02-10,17054.78125,History
2022-02-11,17126.740234375,History
2022-02-14,16311.1806640625,History
2022-02-15,16551.05078125,History
2022-02-16,16407.12890625,History
2022-02-17,16455.103515625,History
2022-02-18,16239.220703125,History
2022-02-21,16503.078125,History
2022-02-22,16647.0,History
2022-02-23,16599.025390625,History
2022-02-24,16527.064453125,History
2022-02-25,16479.091796875,History
2022-02-28,16263.20703125,History
2022-03-01,16239.220703125,History
2022-03-02,15783.4677734375,History
2022-03-03,16047.3251953125,History
2022-03-04,16455.103515625,History
2022-03-07,15951.375,History
2022-03-08,15639.544921875,History
2022-03-09,15687.51953125,History
2022-03-10,15783.4677734375,History
2022-03-11,15687.51953125,History
2022-03-14,15687.51953125,History
2022-03-15,15735.4931640625,History
2022-03-16,15735.4931640625,History
2022-03-17,15735.4931640625,History
2022-03-18,15735.4931640625,History
2022-03-21,15807.453125,History
2022-03-22,15975.36328125,History
2022-03-23,15927.388671875,History
2022-03-24,15783.4677734375,History
2022-03-25,15687.51953125,History
2022-03-28,15519.609375,History
2022-03-29,15519.609375,History
2022-03-30,15639.544921875,History
2022-03-31,15855.4267578125,History
2022-04-01,16023.3369140625,History
2022-04-04,16071.3115234375,History
2022-04-05,15831.439453125,History
2022-04-06,15927.388671875,History
2022-04-07,16119.28515625,History
2022-04-08,16239.220703125,History
2022-04-12,16047.3251953125,History
2022-04-13,16143.2734375,History
2022-04-14,16215.232421875,History
2022-04-15,16095.298828125,History
2022-04-18,15735.4931640625,History
2022-04-19,15183.7900390625,History
2022-04-20,15303.7265625,History
2022-04-21,15111.8291015625,History
2022-04-22,15495.6220703125,History
2022-04-25,14632.08984375,History
2022-04-26,14823.984375,History
2022-04-27,14823.984375,History
2022-04-28,14871.958984375,History
2022-04-29,15687.51953125,History
2022-05-04,15231.7646484375,History
2022-05-05,15207.7783203125,History
2022-05-06,14871.958984375,History
2022-05-09,14680.0625,History
2022-05-10,14776.01171875,History
2022-05-11,15159.8037109375,History
2022-05-12,14152.3486328125,History
2022-05-13,13192.8681640625,History
2022-05-16,13240.841796875,History
2022-05-17,14032.4130859375,History
2022-05-18,13888.4912109375,History
2022-05-19,13720.58203125,History
2022-05-20,13936.46484375,History
2022-05-23,13648.62109375,History
2022-05-24,13816.529296875,History
2022-05-25,14392.21875,History
2022-05-26,14560.12890625,History
2022-05-27,15255.751953125,History
2022-05-30,15327.712890625,History
2022-05-31,15135.81640625,History
2022-06-01,14919.93359375,History
2022-06-02,15201.7822265625,History
2022-06-03,15171.796875,History
2022-06-06,15171.796875,History
2022-06-07,14961.91015625,History
2022-06-08,15411.66796875,History
2022-06-09,15441.6513671875,History
2022-06-10,15111.8291015625,History
2022-06-13,14332.251953125,History
2022-06-14,14452.1865234375,History
2022-06-15,14152.3486328125,History
2022-06-16,14452.1865234375,History
2022-06-17,13852.5107421875,History
2022-06-20,13732.5751953125,History
2022-06-21,13792.54296875,History
2022-06-22,14242.30078125,History
2022-06-23,14242.30078125,History
2022-06-24,14272.2841796875,History
2022-06-27,14362.234375,History
2022-06-28,14692.056640625,History
2022-06-29,14512.1533203125,History
2022-06-30,14392.21875,History
2022-07-01,14422.2021484375,History
2022-07-04,14542.1376953125,History
2022-07-05,14662.0732421875,History
2022-07-06,14512.1533203125,History
2022-07-07,14482.169921875,History
2022-07-08,14392.21875,History
2022-07-11,14092.380859375,History
2022-07-12,14392.21875,History
2022-07-13,14392.21875,History
2022-07-14,14422.2021484375,History
2022-07-15,14392.21875,History
2022-07-18,14332.251953125,History
2022-07-19,14332.251953125,History
2022-07-20,14572.1220703125,History
2022-07-21,14782.0078125,History
2022-07-22,14602.10546875,History
2022-07-25,14422.2021484375,History
2022-07-26,14422.2021484375,History
2022-07-27,14512.1533203125,History
2022-07-28,14662.0732421875,History
2022-07-29,14752.0244140625,History
2022-08-01,14991.8955078125,History
2022-08-02,14931.927734375,History
2022-08-03,14961.91015625,History
2022-08-04,14991.8955078125,History
2022-08-05,14901.943359375,History
2022-08-08,14841.9755859375,History
2022-08-09,14961.91015625,History
2022-08-10,14901.943359375,History
2022-08-11,14841.9755859375,History
2022-08-12,14871.958984375,History
2022-08-15,14961.91015625,History
2022-08-16,14901.943359375,History
2022-08-17,14961.91015625,History
2022-08-18,15081.845703125,History
2022-08-19,14901.943359375,History
2022-08-22,14782.0078125,History
2022-08-23,14871.958984375,History
2022-08-24,14901.943359375,History
2022-08-25,14991.8955078125,History
2022-08-26,14871.958984375,History
2022-08-29,14722.0400390625,History
2022-08-30,14722.0400390625,History
2022-08-31,14782.0078125,History
2022-09-05,14692.056640625,History
2022-09-06,14782.0078125,History
2022-09-07,14572.1220703125,History
2022-09-08,14392.21875,History
2022-09-09,14392.21875,History
2022-09-12,14242.30078125,History
2022-09-13,14272.2841796875,History
2022-09-14,14092.380859375,History
2022-09-15,14122.3642578125,History
2022-09-16,13882.4951171875,History
2022-09-19,13702.591796875,History
2022-09-20,13732.5751953125,History
2022-09-21,13552.6728515625,History
2022-09-22,13672.607421875,History
2022-09-23,13552.6728515625,History
2022-09-26,13312.802734375,History
2022-09-27,13432.7373046875,History
2022-09-28,13192.8681640625,History
2022-09-29,13192.8681640625,History
2022-09-30,13312.802734375,History
2022-10-03,12952.9970703125,History
2022-10-04,12593.19140625,History
2022-10-05,12473.2568359375,History
2022-10-06,11993.5146484375,History
2022-10-07,11183.9541015625,History
2022-10-10,11213.9375,History
2022-10-11,10494.3271484375,History
2022-10-12,11213.9375,History
2022-10-13,11963.5322265625,History
2022-10-14,12503.240234375,History
2022-10-17,12563.2080078125,History
2022-10-18,12833.0625,History
2022-10-19,12653.1591796875,History
2022-10-20,12803.078125,History
2022-10-21,12233.38671875,History
2022-10-24,11693.677734375,History
2022-10-25,12233.38671875,History
2022-10-26,12383.3046875,History
2022-10-27,13222.8515625,History
2022-10-28,13372.7705078125,History
2022-10-31,13432.7373046875,History
2022-11-01,13462.7216796875,History
2022-11-02,13072.931640625,History
2022-11-03,12803.078125,History
2022-11-04,12083.466796875,History
2022-11-07,12383.3046875,History
2022-11-08,12773.09375,History
2022-11-09,12443.2724609375,History
2022-11-10,11993.5146484375,History
2022-11-11,12473.2568359375,History
2022-11-14,12173.41796875,History
2022-11-15,11453.8076171875,History
2022-11-16,12233.38671875,History
2022-11-17,12623.1748046875,History
2022-11-18,12683.142578125,History
2022-11-21,12353.3203125,History
2022-11-22,12203.40234375,History
2022-11-23,12383.3046875,History
2022-11-24,12593.19140625,History
2022-11-25,12893.029296875,History
2022-11-28,13342.7861328125,History
2022-11-29,13282.8193359375,History
2022-11-30,13252.8349609375,History
2022-12-01,13492.705078125,History
2022-12-02,14092.380859375,History
2022-12-05,14152.3486328125,History
2022-12-06,13372.7705078125,History
2022-12-07,13372.7705078125,History
2022-12-08,13582.65625,History
2022-12-09,13822.5263671875,History
2022-12-12,13492.705078125,History
2022-12-13,13822.5263671875,History
2022-12-14,13882.4951171875,History
2022-12-15,13912.478515625,History
2022-12-16,13792.54296875,History
2022-12-19,13642.6240234375,History
2022-12-20,13522.689453125,History
2022-12-21,13672.607421875,History
2022-12-22,13732.5751953125,History
2022-12-23,13732.5751953125,History
2022-12-26,13252.8349609375,History
2022-12-27,13252.8349609375,History
2022-12-28,13192.8681640625,History
2022-12-29,13192.8681640625,History
2022-12-30,13132.8994140625,History
2023-01-03,13612.640625,History
2023-01-04,13582.65625,History
2023-01-05,13702.591796875,History
2023-01-06,13882.4951171875,History
2023-01-09,13852.5107421875,History
2023-01-10,14062.3974609375,History
2023-01-11,14512.1533203125,History
2023-01-12,14692.056640625,History
2023-01-13,14482.169921875,History
2023-01-16,14991.8955078125,History
2023-01-17,15171.796875,History
2023-01-18,15291.7333984375,History
2023-01-19,15591.5703125,History
2023-01-27,15801.4560546875,History
2023-01-30,15231.7646484375,History
2023-01-31,15621.5556640625,History
2023-02-01,15111.8291015625,History
2023-02-02,14991.8955078125,History
2023-02-03,14692.056640625,History
2023-02-06,14931.927734375,History
2023-02-07,14752.0244140625,History
2023-02-08,14782.0078125,History
2023-02-09,14692.056640625,History
2023-02-10,14512.1533203125,History
2023-02-13,14332.251953125,History
2023-02-14,14302.267578125,History
2023-02-15,14722.0400390625,History
2023-02-16,14871.958984375,History
2023-02-17,14871.958984375,History
2023-02-20,15471.6337890625,History
2023-02-21,15291.7333984375,History
2023-02-22,14901.943359375,History
2023-02-23,15231.7646484375,History
2023-02-24,14752.0244140625,History
2023-02-27,14542.1376953125,History
2023-02-28,14632.08984375,History
2023-03-01,15081.845703125,History
2023-03-02,15021.87890625,History
2023-03-03,14692.056640625,History
2023-03-06,14572.1220703125,History
2023-03-07,14692.056640625,History
2023-03-08,14991.8955078125,History
2023-03-09,15201.7822265625,History
2023-03-10,14931.927734375,History
2023-03-13,14692.056640625,History
2023-03-14,14422.2021484375,History
2023-03-15,14871.958984375,History
2023-03-16,14632.08984375,History
2023-03-17,14602.10546875,History
2023-03-20,14392.21875,History
2023-03-21,14512.1533203125,History
2023-03-22,14482.169921875,History
2023-03-23,14692.056640625,History
2023-03-24,14722.0400390625,History
2023-03-27,14662.0732421875,History
2023-03-28,14662.0732421875,History
2023-03-29,14632.08984375,History
2023-03-30,14752.0244140625,History
2023-03-31,14991.8955078125,History
2023-04-03,15141.8134765625,History
2023-04-04,15081.845703125,History
2023-04-05,15171.796875,History
2023-04-06,14931.927734375,History
2023-04-07,15021.87890625,History
2023-04-10,14991.8955078125,History
2023-04-11,14961.91015625,History
2023-04-12,14901.943359375,History
2023-04-13,14961.91015625,History
2023-04-14,14961.91015625,History
2023-04-17,14991.8955078125,History
2023-04-18,14841.9755859375,History
2023-04-19,14632.08984375,History
2023-04-20,14542.1376953125,History
2023-04-21,14542.1376953125,History
2023-04-24,14512.1533203125,History
2023-04-25,14482.169921875,History
2023-04-26,14482.169921875,History
2023-04-27,14482.169921875,History
2023-04-28,14512.1533203125,History
2023-05-04,14811.9921875,History
2023-05-05,14782.0078125,History
2023-05-08,14961.91015625,History
2023-05-09,14931.927734375,History
2023-05-10,14931.927734375,History
2023-05-11,14931.927734375,History
2023-05-12,14991.8955078125,History
2023-05-15,14991.8955078125,History
2023-05-16,14991.8955078125,History
2023-05-17,14931.927734375,History
2023-05-18,14991.8955078125,History
2023-05-19,14961.91015625,History
2023-05-22,15021.87890625,History
2023-05-23,15201.7822265625,History
2023-05-24,15081.845703125,History
2023-05-25,15051.8623046875,History
2023-05-26,14991.8955078125,History
2023-05-29,15081.845703125,History
2023-05-30,15111.8291015625,History
2023-05-31,15231.7646484375,History
2023-06-01,14758.021484375,History
2023-06-02,15033.8720703125,History
2023-06-05,14999.390625,History
2023-06-06,15033.8720703125,History
2023-06-07,15068.3525390625,History
2023-06-08,14895.9462890625,History
2023-06-09,14861.46484375,History
2023-06-12,14792.501953125,History
2023-06-13,14895.9462890625,History
2023-06-14,14930.427734375,History
2023-06-15,14964.91015625,History
2023-06-16,15033.8720703125,History
2023-06-19,14930.427734375,History
2023-06-20,14930.427734375,History
2023-06-21,14964.91015625,History
2023-06-22,14930.427734375,History
2023-06-23,15102.8349609375,History
2023-06-26,15344.2041015625,History
2023-06-27,15309.72265625,History
2023-06-28,15378.685546875,History
2023-06-29,15102.8349609375,History
2023-06-30,15206.279296875,History
2023-07-03,15206.279296875,History
2023-07-04,15171.796875,History
2023-07-05,15137.3154296875,History
2023-07-06,14964.91015625,History
2023-07-07,14964.91015625,History
2023-07-10,15137.3154296875,History
2023-07-11,15171.796875,History
2023-07-12,15068.3525390625,History
2023-07-13,15171.796875,History
2023-07-14,15171.796875,History
2023-07-17,15171.796875,History
2023-07-18,15171.796875,History
2023-07-19,15171.796875,History
2023-07-20,15171.796875,History
2023-07-21,15240.7607421875,History
2023-07-24,15206.279296875,History
2023-07-25,15378.685546875,History
2023-07-26,15378.685546875,History
2023-07-27,15275.2412109375,History
2023-07-28,15309.72265625,History
2023-07-31,15826.9443359375,History
2023-08-01,15757.98046875,History
2023-08-02,15930.3876953125,History
2023-08-03,16171.755859375,History
2023-08-04,16826.90234375,History
2023-08-07,16378.6455078125,History
2023-08-08,16137.275390625,History
2023-08-09,15999.3505859375,History
2023-08-10,15792.4599609375,History
2023-08-11,15792.4599609375,History
2023-08-14,15895.9052734375,History
2023-08-15,15757.98046875,History
2023-08-16,15792.4599609375,History
2023-08-17,15654.53515625,History
2023-08-18,15102.8349609375,History
2023-08-21,15171.796875,History
2023-08-22,15206.279296875,History
2023-08-23,15068.3525390625,History
2023-08-24,15206.279296875,History
2023-08-25,15137.3154296875,History
2023-08-28,15206.279296875,History
2023-08-29,15206.279296875,History
2023-08-30,15482.1298828125,History
2023-08-31,15585.57421875,History
2023-09-05,15689.017578125,History
2023-09-06,15826.9443359375,History
2023-09-07,15792.4599609375,History
2023-09-08,15689.017578125,History
2023-09-11,15413.166015625,History
2023-09-12,15689.017578125,History
2023-09-13,15551.091796875,History
2023-09-14,15482.1298828125,History
2023-09-15,15620.0546875,History
2023-09-18,15482.1298828125,History
2023-09-19,15378.685546875,History
2023-09-20,15482.1298828125,History
2023-09-21,15447.6474609375,History
2023-09-22,15378.685546875,History
2023-09-25,15171.796875,History
2023-09-26,15102.8349609375,History
2023-09-27,15171.796875,History
2023-09-28,14999.390625,History
2023-09-29,15068.3525390625,History
2023-10-02,15102.8349609375,History
2023-10-03,14895.9462890625,History
2023-10-04,14895.9462890625,History
2023-10-05,14895.9462890625,History
2023-10-06,15033.8720703125,History
2023-10-09,15516.611328125,History
2023-10-10,15723.5,History
2023-10-11,15654.53515625,History
2023-10-12,15654.53515625,History
2023-10-13,15620.0546875,History
2023-10-16,15585.57421875,History
2023-10-17,15482.1298828125,History
2023-10-18,15206.279296875,History
2023-10-19,15033.8720703125,History
2023-10-20,15102.8349609375,History
2023-10-23,15033.8720703125,History
2023-10-24,15102.8349609375,History
2023-10-25,15102.8349609375,History
2023-10-26,14551.1337890625,History
2023-10-27,14861.46484375,History
2023-10-30,14689.05859375,History
2023-10-31,14758.021484375,History
2023-11-01,14895.9462890625,History
2023-11-02,15378.685546875,History
2023-11-03,15206.279296875,History
2023-11-06,15309.72265625,History
2023-11-07,15240.7607421875,History
2023-11-08,15723.5,History
2023-11-09,15551.091796875,History
2023-11-10,15447.6474609375,History
2023-11-13,15482.1298828125,History
2023-11-14,15654.53515625,History
2023-11-15,16033.830078125,History
2023-11-16,16068.3125,History
2023-11-17,15654.53515625,History
2023-11-20,15516.611328125,History
2023-11-21,15585.57421875,History
2023-11-22,15654.53515625,History
2023-11-23,15309.72265625,History
2023-11-24,15206.279296875,History
2023-11-27,15068.3525390625,History
2023-11-28,15102.8349609375,History
2023-11-29,15206.279296875,History
2023-11-30,15137.3154296875,History
2023-12-01,15137.3154296875,History
2023-12-04,15378.685546875,History
2023-12-05,15275.2412109375,History
2023-12-06,15378.685546875,History
2023-12-07,15447.6474609375,History
2023-12-08,15447.6474609375,History
2023-12-11,15447.6474609375,History
2023-12-12,15516.611328125,History
2023-12-13,15378.685546875,History
2023-12-14,15516.611328125,History
2023-12-15,15689.017578125,History
2023-12-18,15723.5,History
2023-12-19,15895.9052734375,History
2023-12-20,15999.3505859375,History
2023-12-21,16033.830078125,History
2023-12-22,15999.3505859375,History
2023-12-25,16102.794921875,History
2023-12-26,16033.830078125,History
2023-12-27,16068.3125,History
2023-12-28,16378.6455078125,History
2023-12-29,16482.08984375,History
2024-01-02,16861.3828125,History
2024-01-03,17240.6796875,History
2024-01-04,17447.568359375,History
2024-01-05,17551.009765625,History
2024-01-08,17482.048828125,History
2024-01-09,17240.6796875,History
2024-01-10,17413.083984375,History
2024-01-11,17413.083984375,History
2024-01-12,17792.37890625,History
2024-01-15,17447.568359375,History
2024-01-16,17516.529296875,History
2024-01-17,17516.529296875,History
2024-01-18,17654.455078125,History
2024-01-19,17895.82421875,History
2024-01-22,18137.1953125,History
2024-01-23,17964.787109375,History
2024-01-24,17792.37890625,History
2024-01-25,17792.37890625,History
2024-01-26,18137.1953125,History
2024-01-29,17895.82421875,History
2024-01-30,17895.82421875,History
2024-01-31,17757.8984375,History
2024-02-01,17930.3046875,History
2024-02-02,18102.712890625,History
2024-02-05,19171.634765625,History
2024-02-06,19206.115234375,History
2024-02-07,19309.560546875,History
2024-02-15,18757.857421875,History
2024-02-16,19033.708984375,History
2024-02-19,19102.673828125,History
2024-02-20,18999.228515625,History
2024-02-21,19102.673828125,History
2024-02-22,19068.19140625,History
2024-02-23,18826.822265625,History
2024-02-26,18964.748046875,History
2024-02-27,19033.708984375,History
2024-02-28,19309.560546875,History
2024-02-29,19309.560546875,History
2024-03-01,19171.634765625,History
2024-03-04,19171.634765625,History
2024-03-05,19275.078125,History
2024-03-06,19033.708984375,History
2024-03-07,18964.748046875,History
2024-03-08,18654.4140625,History
2024-03-11,18447.52734375,History
2024-03-12,18447.52734375,History
2024-03-13,19068.19140625,History
2024-03-14,18792.337890625,History
2024-03-15,18861.302734375,History
2024-03-18,18550.97265625,History
2024-03-19,18516.48828125,History
2024-03-20,18964.748046875,History
2024-03-21,19309.560546875,History
2024-03-22,19413.00390625,History
2024-03-25,18964.748046875,History
2024-03-26,19275.078125,History
2024-03-27,19309.560546875,History
2024-03-28,19550.931640625,History
2024-03-29,19654.373046875,History
2024-04-01,19619.890625,History
2024-04-02,19585.41015625,History
2024-04-03,19309.560546875,History
2024-04-04,18999.228515625,History
2024-04-05,18723.376953125,History
2024-04-08,18723.376953125,History
2024-04-09,18826.822265625,History
2024-04-10,18688.896484375,History
2024-04-11,18723.376953125,History
2024-04-12,19309.560546875,History
2024-04-15,18516.48828125,History
2024-04-16,18723.376953125,History
2024-04-17,18447.52734375,History
2024-04-19,18344.08203125,History
2024-04-22,18482.0078125,History
2024-04-23,18378.5625,History
2024-04-24,18654.4140625,History
2024-04-25,18482.0078125,History
2024-04-26,18516.48828125,History
2024-05-02,18619.93359375,History
2024-05-03,18964.748046875,History
2024-05-06,19033.708984375,History
2024-05-07,19068.19140625,History
2024-05-08,18999.228515625,History
2024-05-09,19033.708984375,History
2024-05-10,19102.673828125,History
2024-05-13,19102.673828125,History
2024-05-14,19137.15234375,History
2024-05-15,19102.673828125,History
2024-05-16,19481.966796875,History
2024-05-17,19481.966796875,History
2024-05-20,19481.966796875,History
2024-05-21,19447.486328125,History
2024-05-22,19275.078125,History
2024-05-23,19619.890625,History
2024-05-24,20171.59375,History
2024-05-27,20309.521484375,History
2024-05-28,20447.447265625,History
2024-05-29,20171.59375,History
2024-05-30,20275.037109375,History
2024-05-31,20470.0078125,History
2024-06-03,20594.5703125,History
2024-06-04,20345.443359375,History
2024-06-05,20220.87890625,History
2024-06-06,20220.87890625,History
2024-06-07,20428.486328125,History
2024-06-10,20262.400390625,History
2024-06-11,20054.794921875,History
2024-06-12,20386.96484375,History
2024-06-13,20594.5703125,History
2024-06-14,20428.486328125,History
2024-06-17,20386.96484375,History
2024-06-18,20386.96484375,History
2024-06-19,20470.0078125,History
2024-06-20,20594.5703125,History
2024-06-21,20386.96484375,History
2024-06-24,20013.2734375,History
2024-06-25,19971.751953125,History
2024-06-26,20013.2734375,History
2024-06-27,19888.7109375,History
2024-06-28,19764.14453125,History
2024-07-01,19764.14453125,History
2024-07-02,19971.751953125,History
2024-07-03,20137.837890625,History
2024-07-04,20054.794921875,History
2024-07-05,20179.359375,History
2024-07-08,20137.837890625,History
2024-07-09,20179.359375,History
2024-07-10,20137.837890625,History
2024-07-11,20054.794921875,History
2024-07-12,19930.23046875,History
2024-07-15,19888.7109375,History
2024-07-16,20013.2734375,History
2024-07-17,20345.443359375,History
2024-07-18,20594.5703125,History
2024-07-19,20843.701171875,History
2024-07-22,20553.048828125,History
2024-07-23,19930.23046875,History
2024-07-24,20096.31640625,History
2024-07-25,19971.751953125,History
2024-07-26,20013.2734375,History
2024-07-29,20054.794921875,History
2024-07-30,20054.794921875,History
2024-07-31,20386.96484375,History
2024-08-01,19888.7109375,History
2024-08-02,19888.7109375,History
2024-08-05,19265.888671875,History
2024-08-06,19515.017578125,History
2024-08-07,19431.974609375,History
2024-08-08,19307.41015625,History
2024-08-09,19598.05859375,History
2024-08-12,19764.14453125,History
2024-08-13,19598.05859375,History
2024-08-14,19556.5390625,History
2024-08-15,19515.017578125,History
2024-08-16,19930.23046875,History
2024-08-19,19971.751953125,History
2024-08-20,20013.2734375,History
2024-08-21,20262.400390625,History
2024-08-22,20262.400390625,History
2024-08-23,20303.921875,History
2024-08-26,20303.921875,History
2024-08-27,20303.921875,History
2024-08-28,20345.443359375,History
2024-08-29,20470.0078125,History
2024-08-30,20594.5703125,History
2024-09-04,20470.0078125,History
2024-09-05,20345.443359375,History
2024-09-06,20428.486328125,History
2024-09-09,20303.921875,History
2024-09-10,20137.837890625,History
2024-09-11,20054.794921875,History
2024-09-12,20303.921875,History
2024-09-13,20262.400390625,History
2024-09-16,20054.794921875,History
2024-09-17,20345.443359375,History
2024-09-18,20470.0078125,History
2024-09-19,20594.5703125,History
2024-09-20,21300.43359375,History
2024-09-23,21300.43359375,History
2024-09-24,21424.998046875,History
2024-09-25,21757.16796875,History
2024-09-26,21591.08203125,History
2024-09-27,21508.0390625,History
2024-09-30,21383.4765625,History
2024-10-01,21383.4765625,History
2024-10-02,21424.998046875,History
2024-10-03,21341.955078125,History
2024-10-04,21092.828125,History
2024-10-07,21134.349609375,History
2024-10-08,21175.869140625,History
2024-10-09,21798.689453125,History
2024-10-10,21757.16796875,History
2024-10-11,21674.125,History
2024-10-14,21549.560546875,History
2024-10-15,21466.51953125,History
2024-10-16,21383.4765625,History
2024-10-17,21715.646484375,History
2024-10-18,21674.125,History
2024-10-21,21424.998046875,History
2024-10-22,21092.828125,History
2024-10-23,21092.828125,History
2024-10-24,20760.65625,History
2024-10-25,20677.61328125,History
2024-10-28,20885.220703125,History
2024-10-29,20926.7421875,History
2024-10-30,20843.701171875,History
2024-10-31,21092.828125,History
2024-11-01,20677.61328125,History
2024-11-04,20553.048828125,History
2024-11-05,20553.048828125,History
2024-11-06,20843.701171875,History
2024-11-07,20843.701171875,History
2024-11-08,20677.61328125,History
2024-11-11,20636.091796875,History
2024-11-12,20636.091796875,History
2024-11-13,20677.61328125,History
2024-11-14,20386.96484375,History
2024-11-15,20262.400390625,History
2024-11-18,20345.443359375,History
2024-11-19,20179.359375,History
2024-11-20,20345.443359375,History
2024-11-21,20636.091796875,History
2024-11-22,20719.134765625,History
2024-11-25,20677.61328125,History
2024-11-26,20760.65625,History
2024-11-27,20802.177734375,History
2024-11-28,20885.220703125,History
2024-11-29,20926.7421875,History
2024-12-02,20885.220703125,History
2024-12-03,20760.65625,History
2024-12-04,20802.177734375,History
2024-12-05,21341.955078125,History
2024-12-06,21300.43359375,History
2024-12-09,21175.869140625,History
2024-12-10,21051.306640625,History
2024-12-11,21092.828125,History
2024-12-12,21009.78515625,History
2024-12-13,20885.220703125,History
2024-12-16,20885.220703125,History
2024-12-17,20926.7421875,History
2024-12-18,20885.220703125,History
2024-12-19,20594.5703125,History
2024-12-20,20594.5703125,History
2024-12-23,20677.61328125,History
2024-12-24,20760.65625,History
2024-12-25,21134.349609375,History
2024-12-26,21217.390625,History
2024-12-27,21217.390625,History
2024-12-30,21092.828125,History
2024-12-31,21424.998046875,History
2025-01-02,21258.912109375,History
2025-01-03,20843.701171875,History
2025-01-06,20594.5703125,History
2025-01-07,20760.65625,History
2025-01-08,20760.65625,History
2025-01-09,20719.134765625,History
2025-01-10,20511.529296875,History
2025-01-13,20553.048828125,History
2025-01-14,20470.0078125,History
2025-01-15,20677.61328125,History
2025-01-16,20636.091796875,History
2025-01-17,20719.134765625,History
2025-01-20,20760.65625,History
2025-01-21,20719.134765625,History
2025-01-22,20636.091796875,History
2025-01-23,21009.78515625,History
2025-01-24,21051.306640625,History
2025-02-03,20843.701171875,History
2025-02-04,20968.263671875,History
2025-02-05,21092.828125,History
2025-02-06,21175.869140625,History
2025-02-07,21341.955078125,History
2025-02-10,21424.998046875,History
2025-02-11,21466.51953125,History
2025-02-12,21300.43359375,History
2025-02-13,21341.955078125,History
2025-02-14,21383.4765625,History
2025-02-17,21424.998046875,History
2025-02-18,21383.4765625,History
2025-02-19,21424.998046875,History
2025-02-20,21549.560546875,History
2025-02-21,21757.16796875,History
2025-02-24,21715.646484375,History
2025-02-25,21591.08203125,History
2025-02-26,21549.560546875,History
2025-02-27,21674.125,History
2025-02-28,21591.08203125,History
2025-03-03,21591.08203125,History
2025-03-04,21715.646484375,History
2025-03-05,21715.646484375,History
2025-03-06,21923.25390625,History
2025-03-07,22130.859375,History
2025-03-10,21964.775390625,History
2025-03-11,21964.775390625,History
2025-03-12,21840.2109375,History
2025-03-13,21674.125,History
2025-03-14,21591.08203125,History
2025-03-17,21757.16796875,History
2025-03-18,21840.2109375,History
2025-03-19,21757.16796875,History
2025-03-20,21798.689453125,History
2025-03-21,21674.125,History
2025-03-24,21881.732421875,History
2025-03-25,21840.2109375,History
2025-03-26,21715.646484375,History
2025-03-27,21591.08203125,History
2025-03-28,21549.560546875,History
2025-03-31,21591.08203125,History
2025-04-01,21632.603515625,History
2025-04-02,21549.560546875,History
2025-04-03,20054.794921875,History
2025-04-04,19764.14453125,History
2025-04-08,18393.94140625,History
2025-04-09,18103.29296875,History
2025-04-10,19348.931640625,History
2025-04-11,20636.091796875,History
2025-04-14,20594.5703125,History
2025-04-15,20013.2734375,History
2025-04-16,20179.359375,History
2025-04-17,20179.359375,History
2025-04-18,20345.443359375,History
2025-04-21,20013.2734375,History
2025-04-22,20013.2734375,History
2025-04-23,20428.486328125,History
2025-04-24,20054.794921875,History
2025-04-25,19847.1875,History
2025-04-28,19888.7109375,History
2025-04-29,19971.751953125,History
2025-05-05,19971.751953125,History
2025-05-06,19930.23046875,History
2025-05-07,19930.23046875,History
2025-05-08,20054.794921875,History
2025-05-09,20054.794921875,History
2025-05-12,20262.400390625,History
2025-05-13,20428.486328125,History
2025-05-14,20594.5703125,History
2025-05-15,21217.390625,History
2025-05-16,21134.349609375,History
2025-05-19,21092.828125,History
2025-05-20,21258.912109375,History
2025-05-21,21300.43359375,History
2025-05-22,21217.390625,History
2025-05-23,21600.0,History
2025-05-26,21500.0,History
2025-05-27,21450.0,History
2025-05-28,21400.0,History
2025-05-29,21300.0,History
2025-05-30,21100.0,History
2025-06-02,21100.0,History
2025-06-03,21250.0,History
2025-06-04,21100.0,History
2025-06-05,21000.0,History
2025-06-06,21000.0,History
2025-06-09,20950.0,History
2025-06-10,20950.0,History
2025-06-11,20950.0,History
2025-06-12,21050.0,History
2025-06-13,21050.0,History
2025-06-16,21300.0,History
2025-06-17,21200.0,History
2025-06-18,21300.0,History
2025-06-19,21300.0,History
2025-06-20,21450.0,History
2025-06-23,21350.0,History
2025-06-24,21300.0,History
2025-06-25,21250.0,History
2025-06-26,21200.0,History
2025-06-27,21200.0,History
2025-06-30,21300.0,History
2025-07-01,21300.0,History
2025-07-02,21300.0,History
2025-07-03,21400.0,History
2025-07-04,21850.0,History
2025-07-07,22250.0,History
2025-07-08,22250.0,History
2025-07-09,22450.0,History
2025-07-10,22550.0,History
2025-07-11,22700.0,History
2025-07-14,22700.0,History
2025-07-15,22450.0,History
2025-07-16,22450.0,History
2025-07-17,22450.0,History
2025-07-18,22650.0,History
2025-07-21,22850.0,History
2025-07-22,22900.0,History
2025-07-23,23000.0,History
2025-07-24,23200.0,History
2025-07-25,23600.0,History
2025-07-28,23850.0,History
2025-07-29,22750.0,History
2025-07-30,23000.0,History
2025-07-31,23000.0,History
2025-08-01,23000.0,History
2025-08-04,23300.0,History
2025-08-05,23450.0,History
2025-08-06,24200.0,History
2025-08-07,24400.0,History
2025-08-08,24250.0,History
2025-08-11,24400.0,History
2025-08-12,24250.0,History
2025-08-13,24500.0,History
2025-08-14,26200.0,History
2025-08-15,26550.0,History
2025-08-18,27050.0,History
2025-08-19,28450.0,History
2025-08-20,28000.0,History
2025-08-21,29450.0,History
2025-08-22,27850.0,History
2025-08-25,26200.0,History
2025-08-26,27350.0,History
2025-08-27,27650.0,History
2025-08-28,27550.0,History
2025-08-29,27800.0,History
2025-09-03,27500.0,History
2025-09-04,27650.0,History
2025-09-05,27150.0,History
2025-09-08,26550.0,History
2025-09-09,26550.0,History
2025-09-10,26550.0,History
2025-09-11,26200.0,History
2025-09-12,26300.0,History
2025-09-15,26400.0,History
2025-09-16,26400.0,History
2025-09-17,26150.0,History
2025-09-18,25550.0,History
2025-09-19,25350.0,History
2025-09-22,25150.0,History
2025-09-23,25350.0,History
2025-09-24,26000.0,History
2025-09-25,25650.0,History
2025-09-26,25650.0,History
2025-09-29,25600.0,History
2025-09-30,25500.0,History
2025-10-01,25800.0,History
2025-10-02,25750.0,History
2025-10-03,25650.0,History
2025-10-06,26800.0,History
2025-10-07,26450.0,History
2025-10-08,26750.0,History
2025-10-09,26950.0,History
2025-10-10,26950.0,History
2025-10-13,26750.0,History
2025-10-14,26300.0,History
2025-10-15,26300.0,History
2025-10-16,26300.0,History
2025-10-17,25750.0,History
2025-10-20,24800.0,History
2025-10-21,25000.0,History
2025-10-22,25100.0,History
2025-10-23,24950.0,History
2025-10-24,25000.0,History
2025-10-27,25000.0,History
2025-10-28,25400.0,History
2025-10-29,25400.0,History
2025-10-30,25100.0,History
2025-10-31,25500.0,History
2025-11-03,25450.0,History
2025-11-04,26000.0,History
2025-11-05,25600.0,History
2025-11-06,25300.0,History
2025-11-07,24900.0,History
2025-11-10,24800.0,History
2025-11-11,24850.0,History
2025-11-12,25200.0,History
2025-11-13,25100.0,History
2025-11-14,24950.0,History
2025-11-17,25150.0,History
2025-11-18,25100.0,History
2025-11-19,24900.0,History
2025-11-20,24800.0,History
2025-11-21,24700.0,History
2025-11-24,24600.0,History
2025-11-25,24200.0,History
2025-11-26,24200.0,History
2025-11-27,24350.0,History
2025-11-28,24250.0,History
2025-12-01,24000.0,History
2025-12-02,23950.0,History
2025-12-03,24450.0,History
2025-12-04,24900.0,History
2025-12-05,24350.0,History
2025-12-08,24200.0,History
2025-12-09,24100.0,History
2025-12-10,24100.0,History
2025-12-11,23950.0,History
2025-12-12,23500.0,History
2025-12-15,23550.0,History
2025-12-16,24000.0,History
2025-12-17,24000.0,History
2025-12-18,23850.0,History
2025-12-19,23900.0,History
2025-12-20,23902.998482043942,Forecast
2025-12-21,23898.715134184382,Forecast
2025-12-22,23894.55638927899,Forecast
2025-12-23,23897.567992038425,Forecast
2025-12-24,23911.009734252275,Forecast
2025-12-25,23932.91723896033,Forecast
2025-12-26,23957.272511014664,Forecast
2025-12-27,23977.106151107077,Forecast
2025-12-28,23987.938468227738,Forecast
2025-12-29,23989.865753020265,Forecast
2025-12-30,23987.328005037554,Forecast
2025-12-31,23986.765381855374,Forecast
2026-01-01,23993.39301303042,Forecast
2026-01-02,24008.704470100918,Forecast
2026-01-03,24029.893246233023,Forecast
2026-01-04,24051.397038269675,Forecast
2026-01-05,24067.724939978983,Forecast
2026-01-06,24076.135317066517,Forecast
2026-01-07,24077.863019345332,Forecast
2026-01-08,24077.35551267944,Forecast
2026-01-09,24079.971475984446,Forecast
2026-01-10,24089.32770047296,Forecast
2026-01-11,24105.60382446575,Forecast
2026-01-12,24125.59378605526,Forecast
2026-01-13,24144.408156355676,Forecast
2026-01-14,24157.92940459754,Forecast
2026-01-15,24164.79090466161,Forecast
2026-01-16,24166.93277582652,Forecast
2026-01-17,24168.520803492764,Forecast
2026-01-18,24173.82251533555,Forecast
